first_name,last_name,email,gender
Doreen,Lazell,dlazell0@intel.com,Female
Rosy,Killeley,rkilleley1@wikia.com,Female
Fergus,Rosenwasser,frosenwasser2@guardian.co.uk,Male
Delcine,Halmkin,dhalmkin3@yahoo.com,Female
Kendall,D'Adda,kdadda4@ca.gov,Male
Neila,Mordacai,nmordacai5@com.com,Female
Meir,Gaunson,mgaunson6@elpais.com,Male
Lisle,Loffill,lloffill7@mail.ru,Male
Avrom,Towndrow,atowndrow8@a8.net,Male
Say,Fossord,sfossord9@about.me,Male
Jillie,Jowle,jjowlea@com.com,Female
Yolanda,Orfeur,yorfeurb@narod.ru,Female
Scarlet,Moen,smoenc@printfriendly.com,Female
Collie,Wardrope,cwardroped@dagondesign.com,Female
Briny,Hakewell,bhakewelle@jiathis.com,Female
Nataline,Scatchard,nscatchardf@discuz.net,Female
Tami,Couroy,tcouroyg@oracle.com,Female
Jennine,Izen,jizenh@webeden.co.uk,Female
Aristotle,Curzey,acurzeyi@mashable.com,Male
Redford,Franceschi,rfranceschij@ted.com,Male
Alan,Ughetti,aughettik@privacy.gov.au,Male
Darius,Reaper,dreaperl@dell.com,Male
Aldo,Blumire,ablumirem@so-net.ne.jp,Male
Teodorico,MacIlraith,tmacilraithn@adobe.com,Male
Tad,Wilbore,twilboreo@blogtalkradio.com,Male
Prissie,Betchley,pbetchleyp@networksolutions.com,Female
Nicholas,Schrader,nschraderq@godaddy.com,Male
Aida,Spittal,aspittalr@devhub.com,Female
Paxon,Metzke,pmetzkes@marketwatch.com,Male
Alastair,Dearlove,adearlovet@psu.edu,Male
Costanza,Rickeard,crickeardu@wordpress.com,Female
Jilli,McKag,jmckagv@chicagotribune.com,Female
Deborah,Bolland,dbollandw@people.com.cn,Female
Esdras,Minghetti,eminghettix@wix.com,Male
Gun,Staresmeare,gstaresmearey@huffingtonpost.com,Male
Adolphe,Hebner,ahebnerz@ucla.edu,Male
Jefferey,Hinken,jhinken10@omniture.com,Male
Josepha,Milligan,jmilligan11@craigslist.org,Female
Lori,Towne,ltowne12@acquirethisname.com,Female
Mommy,Needs,mneeds13@fastcompany.com,Female
Jelene,Kencott,jkencott14@accuweather.com,Female
Andreas,Challen,achallen15@sourceforge.net,Male
Humberto,Crome,hcrome16@tamu.edu,Male
Elvira,Novotni,enovotni17@ucla.edu,Female
Helenelizabeth,Egginton,hegginton18@twitpic.com,Female
Benyamin,Hubberstey,bhubberstey19@howstuffworks.com,Male
Winni,Glacken,wglacken1a@statcounter.com,Female
Obadias,Bean,obean1b@va.gov,Male
Caterina,Toffel,ctoffel1c@abc.net.au,Female
Janeta,Langley,jlangley1d@rambler.ru,Female
Johnnie,Pie,jpie1e@opensource.org,Male
Norrie,Jopke,njopke1f@ow.ly,Male
Adamo,Waker,awaker1g@google.fr,Male
Merridie,Galliard,mgalliard1h@com.com,Female
Margy,Pepler,mpepler1i@addthis.com,Female
Cedric,Skelcher,cskelcher1j@army.mil,Male
Moore,Morrel,mmorrel1k@ucsd.edu,Male
Shanta,Remer,sremer1l@indiatimes.com,Female
Lucian,Bortolutti,lbortolutti1m@forbes.com,Male
Terri,Kondratenya,tkondratenya1n@adobe.com,Female
Waneta,Boggon,wboggon1o@nih.gov,Female
Mercedes,Koschke,mkoschke1p@unblog.fr,Female
Cecilius,Baddeley,cbaddeley1q@bing.com,Male
Milzie,Beilby,mbeilby1r@so-net.ne.jp,Female
Juliana,Baldini,jbaldini1s@mapy.cz,Female
Joseito,Flaune,jflaune1t@weibo.com,Male
Seumas,Schroeder,sschroeder1u@exblog.jp,Male
Tierney,Matignon,tmatignon1v@nba.com,Female
Adria,Jina,ajina1w@sourceforge.net,Female
Tulley,Schott,tschott1x@desdev.cn,Male
Waldon,Rolling,wrolling1y@google.ca,Male
Gun,Hancock,ghancock1z@wikipedia.org,Male
Jerri,Phippin,jphippin20@arstechnica.com,Male
Hans,Sisey,hsisey21@i2i.jp,Male
Shanan,Haberfield,shaberfield22@tmall.com,Male
Mick,Hyslop,mhyslop23@fotki.com,Male
Pedro,Bispham,pbispham24@uol.com.br,Male
Ralina,Mandrake,rmandrake25@sphinn.com,Female
Kalli,Santon,ksanton26@ed.gov,Female
Blondie,Newens,bnewens27@home.pl,Female
Daveen,Moral,dmoral28@marriott.com,Female
Lulu,Lancastle,llancastle29@dailymotion.com,Female
Florian,Asson,fasson2a@ucsd.edu,Male
Sebastien,Le Hucquet,slehucquet2b@yahoo.co.jp,Male
Sascha,Dabbs,sdabbs2c@google.com,Male
Ali,Bradnum,abradnum2d@behance.net,Female
Ewell,Ebrall,eebrall2e@google.de,Male
Floyd,Hawkshaw,fhawkshaw2f@360.cn,Male
Charlean,Nicklinson,cnicklinson2g@feedburner.com,Female
Parnell,Rubinovici,prubinovici2h@archive.org,Male
Crawford,Poundesford,cpoundesford2i@artisteer.com,Male
Aldis,Heersma,aheersma2j@indiegogo.com,Male
Belicia,Dunseath,bdunseath2k@themeforest.net,Female
Berkie,Parzis,bparzis2l@cargocollective.com,Male
Ermengarde,Elloway,eelloway2m@phpbb.com,Female
Kirbie,Naul,knaul2n@umich.edu,Female
Jacky,Seear,jseear2o@nsw.gov.au,Female
Aubry,Pittock,apittock2p@youtube.com,Female
Carroll,Guage,cguage2q@sciencedirect.com,Male
Rubin,Darch,rdarch2r@cornell.edu,Male
Megen,MacQueen,mmacqueen2s@auda.org.au,Female
Korney,Pyott,kpyott2t@nydailynews.com,Female
Correy,Demaine,cdemaine2u@smugmug.com,Female
Willis,Dufton,wdufton2v@intel.com,Male
Adrianna,Casaccia,acasaccia2w@cbc.ca,Female
Van,Rowsel,vrowsel2x@newsvine.com,Female
Fiorenze,Williamson,fwilliamson2y@blogs.com,Female
Si,Daintry,sdaintry2z@newsvine.com,Male
Delcine,Snawdon,dsnawdon30@lulu.com,Female
Bette-ann,Trickey,btrickey31@phpbb.com,Female
Skippie,Ditts,sditts32@mashable.com,Male
Zelda,Bemwell,zbemwell33@mit.edu,Female
Jeffry,Hyams,jhyams34@studiopress.com,Male
Karl,Layne,klayne35@a8.net,Male
Goldarina,Badman,gbadman36@elegantthemes.com,Female
Corrinne,Kynnd,ckynnd37@ucla.edu,Female
Russ,Salliss,rsalliss38@paginegialle.it,Male
Arnold,Faughey,afaughey39@goodreads.com,Male
Ricardo,Divina,rdivina3a@gizmodo.com,Male
Tish,Richfield,trichfield3b@nifty.com,Female
Jephthah,McRitchie,jmcritchie3c@drupal.org,Male
Cissiee,Slimme,cslimme3d@ning.com,Female
Saundra,Ebbs,sebbs3e@liveinternet.ru,Female
Gaylord,Konert,gkonert3f@army.mil,Male
Eugenio,Lindl,elindl3g@va.gov,Male
Nikolia,Simo,nsimo3h@istockphoto.com,Female
Loren,Kleinerman,lkleinerman3i@harvard.edu,Male
Konstantine,Miquelet,kmiquelet3j@usnews.com,Male
Kristo,Bracher,kbracher3k@macromedia.com,Male
Janel,Goldberg,jgoldberg3l@discuz.net,Female
Bevin,Rossi,brossi3m@shop-pro.jp,Male
Gran,Mulroy,gmulroy3n@chron.com,Male
Ulrich,Cumo,ucumo3o@princeton.edu,Male
Phillida,Morcomb,pmorcomb3p@facebook.com,Female
Winna,Meece,wmeece3q@wunderground.com,Female
Georges,Bonafacino,gbonafacino3r@4shared.com,Male
Horatius,Joreau,hjoreau3s@wp.com,Male
Padget,Baroche,pbaroche3t@hc360.com,Male
Dennis,Derby,dderby3u@wired.com,Male
Lazare,Haggett,lhaggett3v@wunderground.com,Male
Eyde,Bertin,ebertin3w@berkeley.edu,Female
Kleon,Bucktharp,kbucktharp3x@phpbb.com,Male
Dee dee,Hunnam,dhunnam3y@storify.com,Female
Fallon,Haggath,fhaggath3z@prweb.com,Female
Nikola,McArd,nmcard40@bing.com,Male
Camellia,Cotterell,ccotterell41@artisteer.com,Female
Ilse,Forsdike,iforsdike42@nba.com,Female
Benedick,Korneichuk,bkorneichuk43@amazon.co.jp,Male
Boycey,Blamire,bblamire44@mayoclinic.com,Male
Garvey,Dennington,gdennington45@aboutads.info,Male
Paula,Fleischmann,pfleischmann46@gov.uk,Female
Zacherie,Baugh,zbaugh47@amazon.de,Male
Brigida,Danett,bdanett48@biglobe.ne.jp,Female
Karlik,Bevans,kbevans49@comcast.net,Male
Farley,Spondley,fspondley4a@google.com,Male
Phedra,Pavlik,ppavlik4b@cloudflare.com,Female
Danni,Swanson,dswanson4c@intel.com,Female
Lona,Cappineer,lcappineer4d@ftc.gov,Female
Vincent,Yarnton,vyarnton4e@aol.com,Male
Brunhilde,Strelitzki,bstrelitzki4f@multiply.com,Female
Bartholomeus,Wessing,bwessing4g@squarespace.com,Male
Alexis,Button,abutton4h@ning.com,Male
Taryn,Bourner,tbourner4i@independent.co.uk,Female
Arleen,Blose,ablose4j@google.nl,Female
Dayna,Renneke,drenneke4k@cbslocal.com,Female
Gannon,Beckensall,gbeckensall4l@fema.gov,Male
Kleon,Waby,kwaby4m@hostgator.com,Male
Dame,McAndrew,dmcandrew4n@de.vu,Male
Harald,McFarland,hmcfarland4o@cnbc.com,Male
Jarrett,Callear,jcallear4p@foxnews.com,Male
Juline,Colmer,jcolmer4q@lulu.com,Female
Susannah,Anthonsen,santhonsen4r@symantec.com,Female
Fionna,Ozanne,fozanne4s@goodreads.com,Female
Gennifer,Dyster,gdyster4t@exblog.jp,Female
Pippa,Eastope,peastope4u@ox.ac.uk,Female
Brander,Gandey,bgandey4v@last.fm,Male
Othilia,Obispo,oobispo4w@jugem.jp,Female
Blair,Joost,bjoost4x@ifeng.com,Male
Rance,Matuschek,rmatuschek4y@utexas.edu,Male
Faina,Arundel,farundel4z@google.com.br,Female
Chad,Dossetter,cdossetter50@g.co,Female
Illa,Baskerfield,ibaskerfield51@telegraph.co.uk,Female
Elyssa,Brammer,ebrammer52@netvibes.com,Female
Curr,Redfield,credfield53@nifty.com,Male
Taffy,Jaquet,tjaquet54@360.cn,Female
Lorrie,Griffey,lgriffey55@usgs.gov,Male
Myron,Wyllcocks,mwyllcocks56@live.com,Male
Reinald,Archbutt,rarchbutt57@icq.com,Male
Dickie,Candelin,dcandelin58@independent.co.uk,Male
Carlotta,Colpus,ccolpus59@clickbank.net,Female
Simonne,Kuschel,skuschel5a@google.com.br,Female
Antonin,Oliver,aoliver5b@vkontakte.ru,Male
Abey,Bielby,abielby5c@msn.com,Male
Giacomo,Malatalant,gmalatalant5d@hhs.gov,Male
Dawn,Atyea,datyea5e@cnn.com,Female
Melony,Ambrogioni,mambrogioni5f@elpais.com,Female
Cherish,Vondruska,cvondruska5g@storify.com,Female
Enrico,Tregunnah,etregunnah5h@buzzfeed.com,Male
Ambur,Leel,aleel5i@foxnews.com,Female
Wyatt,Pannett,wpannett5j@etsy.com,Male
Guillaume,Shilliday,gshilliday5k@theguardian.com,Male
Aldridge,Letcher,aletcher5l@domainmarket.com,Male
Cecelia,Andreolli,candreolli5m@cocolog-nifty.com,Female
Burnaby,Sieghart,bsieghart5n@github.com,Male
Etta,Francombe,efrancombe5o@theglobeandmail.com,Female
Nahum,Pattlel,npattlel5p@hc360.com,Male
Brittni,McNeilley,bmcneilley5q@ft.com,Female
Kai,Van Baaren,kvanbaaren5r@zimbio.com,Female
Inesita,Coviello,icoviello5s@indiegogo.com,Female
Antonino,Gladman,agladman5t@europa.eu,Male
Nicol,Learmouth,nlearmouth5u@homestead.com,Male
Nady,Haste,nhaste5v@nydailynews.com,Female
Ernestus,Garahan,egarahan5w@usa.gov,Male
Liane,Swiggs,lswiggs5x@meetup.com,Female
Kirby,Broadnicke,kbroadnicke5y@bloomberg.com,Male
Connie,Blacker,cblacker5z@slashdot.org,Female
Jarred,Newhouse,jnewhouse60@sphinn.com,Male
Livia,Goch,lgoch61@nasa.gov,Female
Perry,Dawtrey,pdawtrey62@prlog.org,Female
Elwood,Cluatt,ecluatt63@toplist.cz,Male
Morgana,Minto,mminto64@boston.com,Female
Carling,Juniper,cjuniper65@lycos.com,Male
Melisande,Le Fevre,mlefevre66@twitpic.com,Female
Micheal,Dwelley,mdwelley67@paypal.com,Male
Angie,Jacqueme,ajacqueme68@tamu.edu,Female
Arie,Sharplin,asharplin69@blog.com,Male
Beniamino,Foffano,bfoffano6a@tiny.cc,Male
Margarethe,Camilli,mcamilli6b@census.gov,Female
Jocelyn,Surguine,jsurguine6c@cisco.com,Female
Val,Olsson,volsson6d@ca.gov,Male
Larry,Tame,ltame6e@tinyurl.com,Male
Bren,Fludgate,bfludgate6f@issuu.com,Female
Ansel,Mollin,amollin6g@tamu.edu,Male
Lief,Harpin,lharpin6h@ow.ly,Male
Annice,Dunstone,adunstone6i@topsy.com,Female
Genovera,Warrack,gwarrack6j@acquirethisname.com,Female
Toddy,Chamney,tchamney6k@exblog.jp,Male
Alvinia,Perell,aperell6l@devhub.com,Female
Alexia,Stiller,astiller6m@biglobe.ne.jp,Female
Hurley,Ummfrey,hummfrey6n@dell.com,Male
Pandora,Martland,pmartland6o@epa.gov,Female
Caspar,Boissier,cboissier6p@infoseek.co.jp,Male
Tilda,Stubbin,tstubbin6q@51.la,Female
Sabrina,Dufour,sdufour6r@goo.ne.jp,Female
Cahra,Kemster,ckemster6s@apple.com,Female
King,Kiddie,kkiddie6t@e-recht24.de,Male
Gamaliel,Curbishley,gcurbishley6u@imdb.com,Male
Nedi,Illston,nillston6v@vistaprint.com,Female
Umberto,Boschmann,uboschmann6w@pen.io,Male
Esme,Deeble,edeeble6x@scientificamerican.com,Female
Tristan,Helstrip,thelstrip6y@reuters.com,Male
Myca,Aiers,maiers6z@harvard.edu,Male
Harlen,Byart,hbyart70@fastcompany.com,Male
Loutitia,Plunkett,lplunkett71@live.com,Female
Desi,Vicar,dvicar72@springer.com,Male
Jeanine,Janway,jjanway73@tumblr.com,Female
Brandyn,Parks,bparks74@tiny.cc,Male
Noel,Bland,nbland75@constantcontact.com,Male
Em,Seabrooke,eseabrooke76@imageshack.us,Female
Teodoor,Hyslop,thyslop77@i2i.jp,Male
Inessa,Pilipyak,ipilipyak78@studiopress.com,Female
Pat,Bould,pbould79@amazon.de,Male
Wallis,Leynton,wleynton7a@shutterfly.com,Female
Eldridge,Booton,ebooton7b@senate.gov,Male
Ernesto,Nourse,enourse7c@instagram.com,Male
Marian,Mower,mmower7d@istockphoto.com,Female
Taite,Meaking,tmeaking7e@slideshare.net,Male
Siouxie,Ashburne,sashburne7f@ucsd.edu,Female
Piggy,Kubas,pkubas7g@infoseek.co.jp,Male
Ora,Caughte,ocaughte7h@tinypic.com,Female
Sherwin,Klimes,sklimes7i@miitbeian.gov.cn,Male
Rogerio,Dutch,rdutch7j@hibu.com,Male
Ricca,Rennix,rrennix7k@weebly.com,Female
Ada,Greeveson,agreeveson7l@economist.com,Female
Patrice,Bonnick,pbonnick7m@ihg.com,Male
Theo,Leedal,tleedal7n@intel.com,Female
Lynnelle,Simonutti,lsimonutti7o@tripod.com,Female
Ellery,Lorant,elorant7p@usda.gov,Male
Dorothy,Denison,ddenison7q@vistaprint.com,Female
Andromache,Hatwells,ahatwells7r@so-net.ne.jp,Female
David,Aizikovitch,daizikovitch7s@walmart.com,Male
Brannon,Guidone,bguidone7t@globo.com,Male
Jobi,McVey,jmcvey7u@ameblo.jp,Female
Shelley,Hogbourne,shogbourne7v@fda.gov,Female
Nils,Crinson,ncrinson7w@seattletimes.com,Male
Coral,Shorrock,cshorrock7x@mysql.com,Female
Othilia,Wilkisson,owilkisson7y@pagesperso-orange.fr,Female
Gordan,Pengelley,gpengelley7z@usgs.gov,Male
Mellie,McDuffie,mmcduffie80@reference.com,Female
Brew,Beeckx,bbeeckx81@army.mil,Male
Meredith,Clymo,mclymo82@indiegogo.com,Male
Jamison,Zapata,jzapata83@time.com,Male
Benoite,Agglio,bagglio84@eventbrite.com,Female
Norma,Kingaby,nkingaby85@cnn.com,Female
Ethelin,Staker,estaker86@quantcast.com,Female
Pasquale,Phillcox,pphillcox87@ifeng.com,Male
Lemar,Liggett,lliggett88@sina.com.cn,Male
Graham,Jedrzej,gjedrzej89@nationalgeographic.com,Male
Coralie,Meharg,cmeharg8a@yolasite.com,Female
Paolo,Mandre,pmandre8b@arstechnica.com,Male
Rheta,Claybourn,rclaybourn8c@dyndns.org,Female
Town,Braybrookes,tbraybrookes8d@google.nl,Male
Cletus,Creevy,ccreevy8e@wix.com,Male
Ashly,Armin,aarmin8f@discovery.com,Female
Angelle,Cowdery,acowdery8g@adobe.com,Female
Audry,Mabley,amabley8h@wunderground.com,Female
Gerhardt,Caveill,gcaveill8i@google.com.au,Male
Niles,Bramsom,nbramsom8j@hostgator.com,Male
Teodora,Claricoats,tclaricoats8k@dot.gov,Female
Panchito,Martijn,pmartijn8l@cnet.com,Male
Sibylle,Gillmor,sgillmor8m@shinystat.com,Female
Lanita,Goodinson,lgoodinson8n@chron.com,Female
Emelyne,MacElharge,emacelharge8o@wp.com,Female
Howie,Woodland,hwoodland8p@fastcompany.com,Male
Curtis,Heinzler,cheinzler8q@salon.com,Male
Donnamarie,Dellit,ddellit8r@etsy.com,Female
Sigfried,Keirle,skeirle8s@reverbnation.com,Male
Enrico,Ritchings,eritchings8t@yale.edu,Male
Lilli,Blythin,lblythin8u@acquirethisname.com,Female
Dasie,Southcombe,dsouthcombe8v@github.io,Female
Binky,Paylor,bpaylor8w@wp.com,Male
Othello,Foucher,ofoucher8x@cbc.ca,Male
Neely,Myrtle,nmyrtle8y@icq.com,Female
Harlin,Poupard,hpoupard8z@cbc.ca,Male
Marcellina,Dallaway,mdallaway90@buzzfeed.com,Female
Laurent,Jephcott,ljephcott91@nps.gov,Male
Meredith,Kidd,mkidd92@hp.com,Male
Thatcher,Heister,theister93@wordpress.com,Male
Monty,Manders,mmanders94@baidu.com,Male
Jaimie,Acomb,jacomb95@yandex.ru,Female
Jennifer,Sessions,jsessions96@cyberchimps.com,Female
Iseabal,Marchi,imarchi97@cocolog-nifty.com,Female
Rebekah,Gullan,rgullan98@webnode.com,Female
Biddie,Wink,bwink99@tmall.com,Female
Myrah,Magwood,mmagwood9a@hud.gov,Female
Xenos,Daspar,xdaspar9b@booking.com,Male
Nickie,Posselt,nposselt9c@qq.com,Female
Krispin,Bigham,kbigham9d@si.edu,Male
Zacharie,Marrion,zmarrion9e@apple.com,Male
Bogart,Millott,bmillott9f@toplist.cz,Male
Stesha,Gresly,sgresly9g@myspace.com,Female
Odetta,Kynston,okynston9h@tripadvisor.com,Female
Kissee,Cogzell,kcogzell9i@dailymail.co.uk,Female
Vicky,Ellyatt,vellyatt9j@w3.org,Female
Guillermo,Shane,gshane9k@howstuffworks.com,Male
Abbey,McAughtrie,amcaughtrie9l@jimdo.com,Female
Lynnet,Suggett,lsuggett9m@digg.com,Female
Ida,Alyoshin,ialyoshin9n@ocn.ne.jp,Female
Artemis,Adrien,aadrien9o@smugmug.com,Male
Lazar,Davidsen,ldavidsen9p@shop-pro.jp,Male
Merill,Sikorsky,msikorsky9q@yellowpages.com,Male
Rubia,Dyster,rdyster9r@123-reg.co.uk,Female
Winny,Whardley,wwhardley9s@people.com.cn,Male
Auroora,Seville,aseville9t@sciencedaily.com,Female
Renault,Kirwin,rkirwin9u@imageshack.us,Male
Goddard,Berrow,gberrow9v@joomla.org,Male
Baird,Cowell,bcowell9w@tripadvisor.com,Male
Janean,Leathers,jleathers9x@economist.com,Female
Kippy,Taysbil,ktaysbil9y@g.co,Female
Dermot,Baistow,dbaistow9z@cdc.gov,Male
Nichol,Orehead,noreheada0@amazon.co.jp,Female
Skylar,Scarff,sscarffa1@marketwatch.com,Male
Frederigo,Northridge,fnorthridgea2@answers.com,Male
Joaquin,Malmar,jmalmara3@toplist.cz,Male
Ericha,O'Downe,eodownea4@unc.edu,Female
Aubrie,Elloy,aelloya5@tmall.com,Female
Ban,Matthieson,bmatthiesona6@epa.gov,Male
Ansley,Smalridge,asmalridgea7@ox.ac.uk,Female
Doyle,Aulds,dauldsa8@webeden.co.uk,Male
Viviene,Absalom,vabsaloma9@army.mil,Female
Bernadene,Woodthorpe,bwoodthorpeaa@blogger.com,Female
Sam,Chaunce,schaunceab@altervista.org,Male
Wilma,Toomey,wtoomeyac@livejournal.com,Female
Norene,Kimbrey,nkimbreyad@cdbaby.com,Female
Silvie,MacNeillie,smacneillieae@soundcloud.com,Female
Uta,Ceresa,uceresaaf@netscape.com,Female
Morgan,Kilsby,mkilsbyag@cbc.ca,Female
Karalynn,Aguirre,kaguirreah@sakura.ne.jp,Female
Becca,Evans,bevansai@discuz.net,Female
Dov,Clowney,dclowneyaj@unc.edu,Male
Page,Rumbellow,prumbellowak@businessweek.com,Male
Cazzie,Rapa,crapaal@yale.edu,Male
Bess,Barette,bbaretteam@latimes.com,Female
Niall,Hlavac,nhlavacan@tumblr.com,Male
Darda,Teresa,dteresaao@studiopress.com,Female
Augustine,Akess,aakessap@adobe.com,Male
Verene,Enocksson,venockssonaq@networksolutions.com,Female
Windham,Haig,whaigar@amazon.de,Male
Clemmie,Ros,crosas@hibu.com,Male
Marty,Trevallion,mtrevallionat@moonfruit.com,Female
Kelley,Ziemsen,kziemsenau@parallels.com,Male
Issie,Bruckental,ibruckentalav@engadget.com,Female
Zeb,McMaster,zmcmasteraw@hp.com,Male
Ev,Corker,ecorkerax@si.edu,Male
Liz,Crankshaw,lcrankshaway@woothemes.com,Female
Esmeralda,England,eenglandaz@google.es,Female
Clyde,Poulsum,cpoulsumb0@time.com,Male
Vally,Clemanceau,vclemanceaub1@naver.com,Female
Milicent,Casali,mcasalib2@go.com,Female
Claudianus,Mossbee,cmossbeeb3@nationalgeographic.com,Male
Mason,Durrington,mdurringtonb4@whitehouse.gov,Male
Germana,Baudrey,gbaudreyb5@harvard.edu,Female
Cal,Elcum,celcumb6@sciencedirect.com,Male
Genny,Wingatt,gwingattb7@theatlantic.com,Female
Gui,Farnan,gfarnanb8@vk.com,Female
Lewie,Hanton,lhantonb9@domainmarket.com,Male
Gilberto,Adamides,gadamidesba@mac.com,Male
Reinaldo,McAlinden,rmcalindenbb@youtu.be,Male
Jude,Smiley,jsmileybc@opensource.org,Male
Delphinia,Meco,dmecobd@ucoz.com,Female
Umeko,Parcells,uparcellsbe@123-reg.co.uk,Female
Diann,Wrigley,dwrigleybf@who.int,Female
Wald,Harlick,wharlickbg@dagondesign.com,Male
Pammie,Dell Casa,pdellcasabh@theguardian.com,Female
Juanita,Viccary,jviccarybi@psu.edu,Female
Ivan,O'Feeny,iofeenybj@networkadvertising.org,Male
Mirella,Sreenan,msreenanbk@jigsy.com,Female
Rutherford,Ilyenko,rilyenkobl@nymag.com,Male
Jere,Jerke,jjerkebm@woothemes.com,Female
Shayne,Rayment,sraymentbn@ihg.com,Female
Fara,Matley,fmatleybo@edublogs.org,Female
Ramsay,Betteriss,rbetterissbp@netscape.com,Male
Cameron,Firks,cfirksbq@reference.com,Male
Fraze,Baily,fbailybr@census.gov,Male
Trish,MacEllen,tmacellenbs@cmu.edu,Female
Chadd,Burbidge,cburbidgebt@godaddy.com,Male
Gordon,Robuchon,grobuchonbu@bloglovin.com,Male
Denis,Edgin,dedginbv@dropbox.com,Male
Jacinthe,Abramamov,jabramamovbw@shop-pro.jp,Female
Angelo,Goodlad,agoodladbx@ocn.ne.jp,Male
Isadora,Akers,iakersby@woothemes.com,Female
Graham,Martinyuk,gmartinyukbz@ted.com,Male
Andras,Greenrde,agreenrdec0@networksolutions.com,Male
Rosalynd,Kettle,rkettlec1@edublogs.org,Female
Mireielle,Tschierasche,mtschieraschec2@netvibes.com,Female
Calida,Brummell,cbrummellc3@typepad.com,Female
Val,Bowlesworth,vbowlesworthc4@about.me,Female
Stesha,MacRorie,smacroriec5@usatoday.com,Female
Merline,Blacklawe,mblacklawec6@delicious.com,Female
Allyn,Affron,aaffronc7@last.fm,Male
Inger,Hember,ihemberc8@imageshack.us,Male
Pearline,Creek,pcreekc9@elegantthemes.com,Female
Harlin,Ionn,hionnca@vimeo.com,Male
Jessee,Eckhard,jeckhardcb@w3.org,Male
Mahala,Marjoram,mmarjoramcc@ezinearticles.com,Female
Dode,Burg,dburgcd@wordpress.com,Female
Amye,Steen,asteence@fotki.com,Female
Caterina,Cardenoza,ccardenozacf@ucla.edu,Female
Brod,Kollasch,bkollaschcg@intel.com,Male
Samara,Westoff,swestoffch@hexun.com,Female
Nadeen,Fisbey,nfisbeyci@smugmug.com,Female
Zollie,Arnall,zarnallcj@forbes.com,Male
Serene,Leverett,sleverettck@myspace.com,Female
Araldo,Merredy,amerredycl@businesswire.com,Male
Amandy,Ricca,ariccacm@cnet.com,Female
Auroora,Blincoe,ablincoecn@gizmodo.com,Female
Jaynell,Jerche,jjercheco@cyberchimps.com,Female
Melany,Hutcheons,mhutcheonscp@amazon.de,Female
Ashlie,Marages,amaragescq@tinyurl.com,Female
Alma,Broz,abrozcr@cam.ac.uk,Female
Tova,Chaloner,tchalonercs@businessinsider.com,Female
Abner,Dumingo,adumingoct@google.com.hk,Male
Marleah,Hendrichs,mhendrichscu@soundcloud.com,Female
Mora,Ceci,mcecicv@dyndns.org,Female
Kienan,Tuff,ktuffcw@ibm.com,Male
Halsy,Trineman,htrinemancx@mac.com,Male
Nathanial,Puffett,npuffettcy@gnu.org,Male
Lina,Rosenzwig,lrosenzwigcz@pbs.org,Female
Meagan,Serjeant,mserjeantd0@csmonitor.com,Female
Hughie,Beartup,hbeartupd1@istockphoto.com,Male
Angele,Langstrath,alangstrathd2@berkeley.edu,Female
Henryetta,Ladewig,hladewigd3@geocities.jp,Female
Leanor,Mayes,lmayesd4@gnu.org,Female
Laurent,Matas,lmatasd5@bigcartel.com,Male
Taryn,Malby,tmalbyd6@gnu.org,Female
Lexie,Readhead,lreadheadd7@lulu.com,Female
Travers,Whyman,twhymand8@example.com,Male
Wynn,Flanders,wflandersd9@uol.com.br,Male
Kendricks,Macon,kmaconda@senate.gov,Male
Jasen,Brashaw,jbrashawdb@livejournal.com,Male
Tomaso,Torns,ttornsdc@tmall.com,Male
Eadmund,Bonds,ebondsdd@goodreads.com,Male
Thaine,Kupke,tkupkede@theatlantic.com,Male
Mimi,Kubat,mkubatdf@stumbleupon.com,Female
Adrian,Bellee,abelleedg@thetimes.co.uk,Male
Aline,Pethick,apethickdh@mapy.cz,Female
Rhys,Beacon,rbeacondi@miibeian.gov.cn,Male
Mariellen,Mealing,mmealingdj@go.com,Female
Thacher,Constanza,tconstanzadk@indiegogo.com,Male
Micki,Gatchell,mgatchelldl@wsj.com,Female
Jud,Tewkesbury,jtewkesburydm@unc.edu,Male
Durand,Rubertelli,drubertellidn@comsenz.com,Male
Farand,Tran,ftrando@sun.com,Female
Brodie,Fillgate,bfillgatedp@shop-pro.jp,Male
Abran,Tapper,atapperdq@about.me,Male
Kaela,Sidney,ksidneydr@rambler.ru,Female
Base,Fenge,bfengeds@livejournal.com,Male
Meade,Kempston,mkempstondt@slideshare.net,Female
Reina,Fairclough,rfaircloughdu@loc.gov,Female
Binny,Covotto,bcovottodv@deliciousdays.com,Female
Roxi,Speck,rspeckdw@ustream.tv,Female
Dacie,Tibbetts,dtibbettsdx@vinaora.com,Female
Nat,Jacklings,njacklingsdy@sbwire.com,Male
Anestassia,Ramsden,aramsdendz@miitbeian.gov.cn,Female
Noemi,Ralphs,nralphse0@eepurl.com,Female
Trstram,Brockie,tbrockiee1@wikimedia.org,Male
Tedman,Wedlake,twedlakee2@indiatimes.com,Male
Freddie,Jager,fjagere3@barnesandnoble.com,Male
Kristos,Kohn,kkohne4@sina.com.cn,Male
Hector,Welbourn,hwelbourne5@de.vu,Male
Beulah,Itzak,bitzake6@myspace.com,Female
Hertha,McCaskell,hmccaskelle7@issuu.com,Female
Fred,Battyll,fbattylle8@columbia.edu,Male
Pavlov,Bougourd,pbougourde9@w3.org,Male
Cleavland,Annakin,cannakinea@un.org,Male
Wally,Douthwaite,wdouthwaiteeb@goo.ne.jp,Female
Hayward,Mulchrone,hmulchroneec@newyorker.com,Male
Lee,Risborough,lrisboroughed@imageshack.us,Male
Chrissy,Siddeley,csiddeleyee@ted.com,Male
Hashim,Sanham,hsanhamef@smh.com.au,Male
John,Murrthum,jmurrthumeg@ocn.ne.jp,Male
Isidore,Yockley,iyockleyeh@noaa.gov,Male
Kaela,Borrow,kborrowei@unc.edu,Female
Warren,Whear,wwhearej@deliciousdays.com,Male
Joeann,Steanyng,jsteanyngek@wix.com,Female
Philomena,Bompas,pbompasel@usatoday.com,Female
Norene,Allaway,nallawayem@friendfeed.com,Female
Haley,Gourley,hgourleyen@trellian.com,Male
Damiano,Guillon,dguilloneo@comcast.net,Male
Glen,Arpur,garpurep@histats.com,Male
Donall,Whifen,dwhifeneq@globo.com,Male
Thebault,Mapes,tmapeser@indiegogo.com,Male
Reynolds,Boor,rboores@miibeian.gov.cn,Male
Arabelle,Shipston,ashipstonet@upenn.edu,Female
Gilburt,Snugg,gsnuggeu@webeden.co.uk,Male
Lin,Kissack,lkissackev@mediafire.com,Male
Stephan,Speddin,sspeddinew@prlog.org,Male
Flint,Faux,ffauxex@shareasale.com,Male
Ketti,Poynter,kpoynterey@goo.ne.jp,Female
Gerald,Oland,golandez@auda.org.au,Male
Laureen,Sammars,lsammarsf0@issuu.com,Female
Kipper,Figliovanni,kfigliovannif1@cnet.com,Male
Beryle,Slyman,bslymanf2@mac.com,Female
Tedra,Rosenthal,trosenthalf3@nsw.gov.au,Female
Casandra,Carnell,ccarnellf4@fotki.com,Female
Rogerio,Di Roberto,rdirobertof5@apache.org,Male
Leonerd,O'Shesnan,loshesnanf6@myspace.com,Male
Rockwell,Dearman,rdearmanf7@oracle.com,Male
Krishnah,Maffucci,kmaffuccif8@kickstarter.com,Male
Rozanne,Soggee,rsoggeef9@trellian.com,Female
Pip,Cassy,pcassyfa@mtv.com,Male
Malena,Bracegirdle,mbracegirdlefb@acquirethisname.com,Female
Ivory,Goodin,igoodinfc@github.io,Female
Natty,Dabels,ndabelsfd@shareasale.com,Male
Patty,Ashington,pashingtonfe@ucoz.ru,Female
Clay,Morforth,cmorforthff@addtoany.com,Male
Hallsy,Robuchon,hrobuchonfg@jigsy.com,Male
Lyn,Fergie,lfergiefh@bbc.co.uk,Male
Sherlocke,McMullen,smcmullenfi@webeden.co.uk,Male
Irwin,Mathivon,imathivonfj@diigo.com,Male
Andrew,Riddlesden,ariddlesdenfk@un.org,Male
Carolynn,Gerish,cgerishfl@storify.com,Female
Andreas,Narbett,anarbettfm@abc.net.au,Male
Cyb,Chaffe,cchaffefn@usnews.com,Female
Noble,Darycott,ndarycottfo@home.pl,Male
Sisely,Fragino,sfraginofp@washington.edu,Female
Mayor,Francombe,mfrancombefq@blog.com,Male
Dody,Eva,devafr@mapy.cz,Female
Fredrika,Algeo,falgeofs@mail.ru,Female
Ibbie,Strickett,istrickettft@unicef.org,Female
Gerick,Duchart,gduchartfu@netlog.com,Male
Ulla,Collelton,ucolleltonfv@opera.com,Female
Harmon,Hatwells,hhatwellsfw@sourceforge.net,Male
Estevan,Lohoar,elohoarfx@state.tx.us,Male
Federica,Dadswell,fdadswellfy@stumbleupon.com,Female
Vera,Eliff,velifffz@weebly.com,Female
Gilberta,Raimbauld,graimbauldg0@opensource.org,Female
Shelden,Cambling,scamblingg1@dot.gov,Male
Evelina,Wallbank,ewallbankg2@cargocollective.com,Female
Gherardo,Cockrem,gcockremg3@reddit.com,Male
Correy,Heyfield,cheyfieldg4@noaa.gov,Male
Cristian,O'Hallihane,cohallihaneg5@blogspot.com,Male
Brandyn,Aslam,baslamg6@apple.com,Male
Cari,Harriott,charriottg7@umn.edu,Female
Wain,Stidston,wstidstong8@rambler.ru,Male
Elvis,Carrigan,ecarrigang9@ebay.com,Male
Benson,Kinchlea,bkinchleaga@toplist.cz,Male
Dorita,Mawdsley,dmawdsleygb@weebly.com,Female
Chane,Lipprose,clipprosegc@sphinn.com,Male
Terrel,Stepney,tstepneygd@redcross.org,Male
Rolando,Streatfield,rstreatfieldge@sourceforge.net,Male
Aldis,Lademann,alademanngf@merriam-webster.com,Male
Bart,Statham,bstathamgg@mozilla.org,Male
Garwin,Onn,gonngh@ning.com,Male
Erv,Angerstein,eangersteingi@bbc.co.uk,Male
Abbott,Stolberg,astolberggj@ezinearticles.com,Male
Forester,Drysdale,fdrysdalegk@odnoklassniki.ru,Male
Clementia,Pennycuick,cpennycuickgl@princeton.edu,Female
Carney,Sheppard,csheppardgm@spiegel.de,Male
Greta,Neno,gnenogn@odnoklassniki.ru,Female
Orion,Haythorne,ohaythornego@instagram.com,Male
Brittany,Style,bstylegp@tuttocitta.it,Female
Peggie,McMorran,pmcmorrangq@merriam-webster.com,Female
Idalina,De Pero,ideperogr@posterous.com,Female
Lorrie,Chasteau,lchasteaugs@wikimedia.org,Male
Kendre,Wittrington,kwittringtongt@clickbank.net,Female
Emalia,Ryce,erycegu@sciencedaily.com,Female
Leonidas,Raleston,lralestongv@altervista.org,Male
Jennilee,Youll,jyoullgw@jimdo.com,Female
Mervin,O'Sullivan,mosullivangx@dedecms.com,Male
Merrile,Powlesland,mpowleslandgy@ehow.com,Female
Katheryn,Ridgwell,kridgwellgz@mapy.cz,Female
Fancy,Smaridge,fsmaridgeh0@chron.com,Female
Kenneth,Sainsberry,ksainsberryh1@hibu.com,Male
Diahann,Ough,doughh2@dailymotion.com,Female
Bucky,Marqyes,bmarqyesh3@list-manage.com,Male
Ansley,Reburn,areburnh4@guardian.co.uk,Female
Grantham,Berkely,gberkelyh5@bbb.org,Male
Jedediah,de Clerc,jdeclerch6@hc360.com,Male
Ossie,Kenrat,okenrath7@vimeo.com,Male
Waylen,Anfusso,wanfussoh8@printfriendly.com,Male
Lesya,Brothwood,lbrothwoodh9@live.com,Female
Vasili,Osipenko,vosipenkoha@pbs.org,Male
Bettine,Picott,bpicotthb@bravesites.com,Female
Tirrell,Osburn,tosburnhc@wiley.com,Male
Damara,Compfort,dcompforthd@istockphoto.com,Female
Aldo,Newgrosh,anewgroshhe@mozilla.org,Male
Mariquilla,McIlriach,mmcilriachhf@over-blog.com,Female
North,Ward,nwardhg@google.ca,Male
Karl,Neller,knellerhh@boston.com,Male
Bartholomeo,Brazur,bbrazurhi@fc2.com,Male
Charlotte,Lamers,clamershj@spiegel.de,Female
Samuel,Sommers,ssommershk@rakuten.co.jp,Male
Wit,Davana,wdavanahl@walmart.com,Male
Nicolle,Verity,nverityhm@tuttocitta.it,Female
Neville,Filasov,nfilasovhn@eventbrite.com,Male
Munmro,Hacon,mhaconho@jalbum.net,Male
Etti,McComish,emccomishhp@hhs.gov,Female
Renaud,Roose,rroosehq@google.com.br,Male
Frederic,Ferriby,fferribyhr@eventbrite.com,Male
Brena,Cawsby,bcawsbyhs@com.com,Female
Zolly,Crufts,zcruftsht@instagram.com,Male
Ivette,Mayers,imayershu@sbwire.com,Female
Meryl,Wybern,mwybernhv@hud.gov,Male
Anjanette,Allebone,aallebonehw@ihg.com,Female
Darren,Stittle,dstittlehx@networkadvertising.org,Male
Milty,Lyddy,mlyddyhy@ow.ly,Male
Cirilo,Uppett,cuppetthz@yandex.ru,Male
Amata,Geach,ageachi0@indiegogo.com,Female
Karlotte,Matyja,kmatyjai1@cnet.com,Female
Jerrome,Oliver-Paull,joliverpaulli2@quantcast.com,Male
Aldous,Cullinan,acullinani3@independent.co.uk,Male
Tobiah,Blennerhassett,tblennerhassetti4@fda.gov,Male
Mattias,Hattoe,mhattoei5@abc.net.au,Male
Deonne,Duncklee,ddunckleei6@i2i.jp,Female
Jackqueline,Carling,jcarlingi7@twitter.com,Female
Maria,Mungin,mmungini8@blogs.com,Female
Frederick,Bronot,fbronoti9@squarespace.com,Male
Milty,Haggarty,mhaggartyia@com.com,Male
Laurianne,Ravenscroft,lravenscroftib@angelfire.com,Female
Vidovik,Apperley,vapperleyic@flickr.com,Male
Linet,Rendle,lrendleid@trellian.com,Female
Kathleen,Tellwright,ktellwrightie@webmd.com,Female
Joann,Stebbings,jstebbingsif@businessweek.com,Female
Wernher,Stuchbery,wstuchberyig@tripod.com,Male
Terencio,Grugerr,tgrugerrih@netvibes.com,Male
Josey,Sawden,jsawdenii@goo.ne.jp,Female
Theda,Nano,tnanoij@nytimes.com,Female
Brenda,MattiCCI,bmatticciik@ameblo.jp,Female
Smitty,Duckering,sduckeringil@over-blog.com,Male
Francklin,Giovannilli,fgiovannilliim@toplist.cz,Male
Jobyna,Bush,jbushin@acquirethisname.com,Female
Rinaldo,Nuscha,rnuschaio@craigslist.org,Male
Sapphira,Cunningham,scunninghamip@360.cn,Female
Patrick,Gounod,pgounodiq@reuters.com,Male
Myrah,Farloe,mfarloeir@auda.org.au,Female
Cyrillus,Ghiroldi,cghiroldiis@t.co,Male
Natale,Stittle,nstittleit@yelp.com,Male
Jo,Catherall,jcatheralliu@cdbaby.com,Male
Kathe,Grimsdyke,kgrimsdykeiv@cargocollective.com,Female
Farr,Gourlie,fgourlieiw@usgs.gov,Male
Benjy,Slocomb,bslocombix@goodreads.com,Male
Willi,Enrique,wenriqueiy@woothemes.com,Male
Melodie,Cutten,mcutteniz@archive.org,Female
Savina,Splaven,ssplavenj0@woothemes.com,Female
Judi,Reiach,jreiachj1@shinystat.com,Female
Giorgio,McGraw,gmcgrawj2@123-reg.co.uk,Male
Oliy,Frontczak,ofrontczakj3@mysql.com,Female
Onfre,Bower,obowerj4@noaa.gov,Male
Miltie,Beringer,mberingerj5@digg.com,Male
Isac,Farnorth,ifarnorthj6@webs.com,Male
Davidson,Wales,dwalesj7@smh.com.au,Male
Boycie,Leicester,bleicesterj8@cisco.com,Male
Federica,Kaplin,fkaplinj9@about.me,Female
Tami,Maxwell,tmaxwellja@merriam-webster.com,Female
Tremain,McCaig,tmccaigjb@dedecms.com,Male
Malena,Lyst,mlystjc@wikimedia.org,Female
Jemimah,Luckings,jluckingsjd@stanford.edu,Female
Shae,Timperley,stimperleyje@barnesandnoble.com,Male
Maitilde,Dick,mdickjf@soup.io,Female
Adorne,Foulcher,afoulcherjg@wufoo.com,Female
Lorine,Rickets,lricketsjh@amazonaws.com,Female
Urban,Wimpress,uwimpressji@flickr.com,Male
Alessandra,Waddicor,awaddicorjj@hibu.com,Female
Dag,Rishbrook,drishbrookjk@about.com,Male
Jerrilee,Dickson,jdicksonjl@ed.gov,Female
Giusto,Newrick,gnewrickjm@cornell.edu,Male
Malena,Sawbridge,msawbridgejn@kickstarter.com,Female
Boigie,Greatbanks,bgreatbanksjo@va.gov,Male
Marys,Chorley,mchorleyjp@buzzfeed.com,Female
Vida,Betancourt,vbetancourtjq@tinyurl.com,Female
Iggy,Lotterington,ilotteringtonjr@squarespace.com,Male
Tracy,Archbell,tarchbelljs@netscape.com,Male
Price,Sparsholt,psparsholtjt@yellowpages.com,Male
Chelsae,Grouvel,cgrouvelju@deliciousdays.com,Female
Rochella,Wisdom,rwisdomjv@dot.gov,Female
Dre,Sidnall,dsidnalljw@taobao.com,Female
Basia,Winsiowiecki,bwinsiowieckijx@addthis.com,Female
Gabriele,Dominico,gdominicojy@vkontakte.ru,Male
Vinnie,Ginsie,vginsiejz@redcross.org,Female
Mortie,Gumey,mgumeyk0@twitter.com,Male
Berkley,Illing,billingk1@washington.edu,Male
Berti,Cicconettii,bcicconettiik2@earthlink.net,Male
Robbie,Duhig,rduhigk3@dropbox.com,Female
Charline,Martina,cmartinak4@rakuten.co.jp,Female
Nerty,O'Kelly,nokellyk5@house.gov,Female
Catina,Splain,csplaink6@privacy.gov.au,Female
Cassandra,Leddie,cleddiek7@indiegogo.com,Female
Zedekiah,Luce,zlucek8@businesswire.com,Male
Hanan,Leek,hleekk9@shareasale.com,Male
Willem,Abley,wableyka@nba.com,Male
Krystal,Chilles,kchilleskb@themeforest.net,Female
Sharai,Gallehawk,sgallehawkkc@bbc.co.uk,Female
Nonie,Paye,npayekd@plala.or.jp,Female
Welch,Bertelet,wberteletke@sphinn.com,Male
Freddy,Najara,fnajarakf@xing.com,Female
Saree,Lody,slodykg@51.la,Female
Ozzy,Pardew,opardewkh@issuu.com,Male
Cesya,Sculpher,csculpherki@chicagotribune.com,Female
Ryann,Zollner,rzollnerkj@arizona.edu,Female
Gilly,Ryhorovich,gryhorovichkk@howstuffworks.com,Female
Boone,Allman,ballmankl@comcast.net,Male
Ortensia,Robiou,orobioukm@cnn.com,Female
Syd,Lennon,slennonkn@twitter.com,Male
Gothart,Sturdgess,gsturdgessko@soup.io,Male
Wildon,Kindall,wkindallkp@opera.com,Male
Toma,Broom,tbroomkq@arizona.edu,Female
Gertruda,Tutchell,gtutchellkr@storify.com,Female
Gwenny,Stoffersen,gstoffersenks@jalbum.net,Female
Sela,Izhakov,sizhakovkt@jalbum.net,Female
Emily,Simonsson,esimonssonku@fastcompany.com,Female
Irina,Duester,iduesterkv@answers.com,Female
Antons,Bosch,aboschkw@google.com,Male
Una,Ames,uameskx@smh.com.au,Female
Merilee,Vaudrey,mvaudreyky@army.mil,Female
Carmita,Fearnall,cfearnallkz@infoseek.co.jp,Female
Raleigh,Seakings,rseakingsl0@t-online.de,Male
Joanne,Westphal,jwestphall1@jigsy.com,Female
Raf,Adrianello,radrianellol2@drupal.org,Female
Jonathan,Matthieson,jmatthiesonl3@google.cn,Male
Shane,Ben-Aharon,sbenaharonl4@sakura.ne.jp,Male
Audy,Shalloo,ashallool5@indiatimes.com,Female
Neile,Treherne,ntrehernel6@arstechnica.com,Female
Stinky,Cruddas,scruddasl7@constantcontact.com,Male
Dawna,Blackhall,dblackhalll8@sogou.com,Female
Ermengarde,Bernadzki,ebernadzkil9@addthis.com,Female
Judon,Angove,jangovela@google.pl,Male
Tybi,Healey,thealeylb@sbwire.com,Female
Roxane,Morrish,rmorrishlc@scientificamerican.com,Female
Dame,Morat,dmoratld@purevolume.com,Male
Aristotle,Danilchev,adanilchevle@ft.com,Male
Wright,Janaszewski,wjanaszewskilf@chron.com,Male
Pryce,Tewnion,ptewnionlg@java.com,Male
Jermayne,Eborall,jeboralllh@google.de,Male
Averil,Yarranton,ayarrantonli@miibeian.gov.cn,Male
Jolene,Fetherston,jfetherstonlj@nasa.gov,Female
Octavius,Doding,ododinglk@istockphoto.com,Male
Fraser,Aldhous,faldhousll@skype.com,Male
Brian,Fillis,bfillislm@tuttocitta.it,Male
Allyn,Culley,aculleyln@xing.com,Male
Micky,Wattingham,mwattinghamlo@hud.gov,Female
Fawne,Wimbush,fwimbushlp@wordpress.com,Female
Robinia,Huband,rhubandlq@spotify.com,Female
Onfroi,Deporte,odeportelr@mozilla.org,Male
Cori,Kamena,ckamenals@cargocollective.com,Female
Odele,Flintoffe,oflintoffelt@nymag.com,Female
Tallie,Petegrew,tpetegrewlu@dedecms.com,Male
Anatola,Benardet,abenardetlv@shinystat.com,Female
Rabi,Ganiford,rganifordlw@squarespace.com,Male
Gillian,Donegan,gdoneganlx@digg.com,Female
Rhett,Colbertson,rcolbertsonly@dailymail.co.uk,Male
Basilius,Sandwith,bsandwithlz@ow.ly,Male
Marabel,Carlaw,mcarlawm0@indiegogo.com,Female
Salem,Zuanelli,szuanellim1@meetup.com,Male
Rachel,Neeves,rneevesm2@xrea.com,Female
Dwayne,Hallum,dhallumm3@biblegateway.com,Male
Carlynne,Ickovic,cickovicm4@ca.gov,Female
Angelique,O'Toole,aotoolem5@wired.com,Female
Tremain,Roofe,troofem6@craigslist.org,Male
Dannel,Trillow,dtrillowm7@zdnet.com,Male
Mile,Render,mrenderm8@t.co,Male
Elayne,Bramont,ebramontm9@surveymonkey.com,Female
Barr,Seywood,bseywoodma@ehow.com,Male
Erminie,Youles,eyoulesmb@skype.com,Female
Ronnie,Spillman,rspillmanmc@wisc.edu,Female
Vivien,Lammers,vlammersmd@google.ca,Female
Ricardo,Brobeck,rbrobeckme@time.com,Male
Dario,Melmeth,dmelmethmf@toplist.cz,Male
Carmella,Friedenbach,cfriedenbachmg@wsj.com,Female
Stephan,Soughton,ssoughtonmh@lulu.com,Male
Davy,Shewring,dshewringmi@sciencedirect.com,Male
Maribeth,Sleit,msleitmj@w3.org,Female
Astrix,Sussems,asussemsmk@weather.com,Female
Winnie,Yurocjhin,wyurocjhinml@e-recht24.de,Male
Aggy,Insko,ainskomm@discovery.com,Female
Erminie,Nizard,enizardmn@skyrock.com,Female
Minne,Shimony,mshimonymo@timesonline.co.uk,Female
Wesley,Gabites,wgabitesmp@patch.com,Male
Clarette,Childrens,cchildrensmq@eepurl.com,Female
Kary,Speere,kspeeremr@barnesandnoble.com,Female
Papagena,Ovenell,povenellms@sciencedaily.com,Female
Mart,Allanby,mallanbymt@phpbb.com,Male
Reginald,Grinter,rgrintermu@marriott.com,Male
Brinna,Crighton,bcrightonmv@wikimedia.org,Female
Lynne,Meredyth,lmeredythmw@dedecms.com,Female
Starlene,Godbehere,sgodbeheremx@chronoengine.com,Female
Donnie,Ferraretto,dferrarettomy@cocolog-nifty.com,Male
Chauncey,Huston,chustonmz@noaa.gov,Male
Everett,Jenne,ejennen0@gnu.org,Male
Carmencita,Hakonsson,chakonssonn1@joomla.org,Female
Chickie,Portam,cportamn2@economist.com,Female
Connor,Nicklin,cnicklinn3@kickstarter.com,Male
Lucila,Imore,limoren4@about.com,Female
Horatius,Eles,helesn5@feedburner.com,Male
Lilith,Eddowis,leddowisn6@dell.com,Female
Theodoric,Formby,tformbyn7@ucoz.ru,Male
Neils,Culley,nculleyn8@oracle.com,Male
Bealle,Kerrey,bkerreyn9@pcworld.com,Male
Meredith,Fosdyke,mfosdykena@yelp.com,Female
Alix,Bosma,abosmanb@wp.com,Female
Brande,Morefield,bmorefieldnc@typepad.com,Female
Vanda,Berger,vbergernd@thetimes.co.uk,Female
Adrianna,Yele,ayelene@studiopress.com,Female
Lucina,Ringe,lringenf@surveymonkey.com,Female
Janeta,Judson,jjudsonng@ifeng.com,Female
Leeanne,Paxeford,lpaxefordnh@indiegogo.com,Female
Elli,Foukx,efoukxni@amazon.com,Female
Tripp,Duffyn,tduffynnj@exblog.jp,Male
Ulick,Gorstidge,ugorstidgenk@wunderground.com,Male
Ame,Wort,awortnl@europa.eu,Female
Dillie,Aspling,dasplingnm@upenn.edu,Male
Courtney,Berrey,cberreynn@nsw.gov.au,Female
Felice,Rides,fridesno@illinois.edu,Female
Denver,Ceschelli,dceschellinp@moonfruit.com,Male
Reinold,Greaves,rgreavesnq@hc360.com,Male
Tim,Kiggel,tkiggelnr@rakuten.co.jp,Female
Brandyn,Di Batista,bdibatistans@qq.com,Male
Roana,Danilovitch,rdanilovitchnt@pbs.org,Female
Liv,Wentworth,lwentworthnu@engadget.com,Female
Cris,Sunner,csunnernv@facebook.com,Male
Trenna,Saggs,tsaggsnw@umn.edu,Female
Wyn,Palfreman,wpalfremannx@usgs.gov,Male
Evan,Tunstall,etunstallny@wired.com,Male
Gaston,Chasmer,gchasmernz@fotki.com,Male
Moses,Gronauer,mgronauero0@google.it,Male
Brittaney,Filgate,bfilgateo1@dailymotion.com,Female
Remington,Hogben,rhogbeno2@pcworld.com,Male
Norry,Vanyashkin,nvanyashkino3@ning.com,Male
Berky,Soro,bsoroo4@canalblog.com,Male
Carlota,Bernaert,cbernaerto5@shareasale.com,Female
Frederica,Lightewood,flightewoodo6@nasa.gov,Female
Eydie,Tomisch,etomischo7@simplemachines.org,Female
Adriana,Elliff,aelliffo8@1688.com,Female
Culley,Kirke,ckirkeo9@domainmarket.com,Male
Klarrisa,Sheal,kshealoa@washingtonpost.com,Female
Clarine,Nix,cnixob@cisco.com,Female
Duane,Bunce,dbunceoc@istockphoto.com,Male
Alma,Raeside,araesideod@fc2.com,Female
Jonathan,Antonopoulos,jantonopoulosoe@google.com.hk,Male
Somerset,Drage,sdrageof@vkontakte.ru,Male
Keith,Kingsnorth,kkingsnorthog@istockphoto.com,Male
Megan,Causon,mcausonoh@washington.edu,Female
Diane-marie,O'Shevlan,doshevlanoi@wix.com,Female
Scotti,Swaile,sswaileoj@bandcamp.com,Male
Howard,Dowtry,hdowtryok@geocities.jp,Male
Corbet,Nimmo,cnimmool@vimeo.com,Male
Austina,Koenen,akoenenom@facebook.com,Female
Malanie,Seivwright,mseivwrighton@seesaa.net,Female
Gae,Rock,grockoo@ovh.net,Female
Aubrey,McGroarty,amcgroartyop@cbc.ca,Female
Aundrea,Bras,abrasoq@chronoengine.com,Female
Quintina,Carwithan,qcarwithanor@sogou.com,Female
Son,Yakobovitz,syakobovitzos@newyorker.com,Male
Averell,Nickoll,anickollot@apple.com,Male
Raynell,Penkman,rpenkmanou@state.gov,Female
Gearard,Davidsohn,gdavidsohnov@chicagotribune.com,Male
Heidie,Lohde,hlohdeow@livejournal.com,Female
Zak,Droogan,zdrooganox@google.es,Male
Bailie,Cochern,bcochernoy@alibaba.com,Male
Zachariah,Dennerly,zdennerlyoz@omniture.com,Male
Ruthi,Carss,rcarssp0@noaa.gov,Female
Danyelle,Pendergrast,dpendergrastp1@spiegel.de,Female
Lucio,Checci,lcheccip2@cargocollective.com,Male
Alejandra,Bermingham,aberminghamp3@miibeian.gov.cn,Female
Marsha,Brosch,mbroschp4@privacy.gov.au,Female
Jonathon,Lendon,jlendonp5@newsvine.com,Male
Bail,Rappoport,brappoportp6@canalblog.com,Male
Pen,Ollis,pollisp7@parallels.com,Female
Aurelie,Smithers,asmithersp8@uol.com.br,Female
Lishe,Murney,lmurneyp9@booking.com,Female
Ram,Engley,rengleypa@smh.com.au,Male
Rossie,Offa,roffapb@cloudflare.com,Male
Pattin,Clemmen,pclemmenpc@instagram.com,Male
Cyndi,Gascoyen,cgascoyenpd@cpanel.net,Female
Cornell,Smither,csmitherpe@dot.gov,Male
Katina,Rodolphe,krodolphepf@dailymail.co.uk,Female
Ardine,Valente,avalentepg@storify.com,Female
Gage,Brickell,gbrickellph@mapy.cz,Male
Eduardo,Saulter,esaulterpi@flavors.me,Male
Raven,Nitti,rnittipj@bluehost.com,Female
Rudie,Kondratenko,rkondratenkopk@cargocollective.com,Male
Colline,Coventon,ccoventonpl@pinterest.com,Female
Griffy,Beeck,gbeeckpm@chron.com,Male
Quinlan,Leedes,qleedespn@amazon.com,Male
Maurie,Pomfret,mpomfretpo@google.nl,Male
Arel,MacGinley,amacginleypp@tinyurl.com,Male
Godart,Lombardo,glombardopq@boston.com,Male
Sophi,Ingham,singhampr@discovery.com,Female
Thorvald,Valencia,tvalenciaps@twitter.com,Male
Rodney,Hurley,rhurleypt@springer.com,Male
Thatcher,Steadman,tsteadmanpu@reuters.com,Male
Daryle,Mellon,dmellonpv@xinhuanet.com,Male
Lydon,Teodori,lteodoripw@noaa.gov,Male
Orella,Muggach,omuggachpx@mtv.com,Female
Regen,Le Sarr,rlesarrpy@issuu.com,Male
Judah,Castagnone,jcastagnonepz@nhs.uk,Male
Sammy,Shelbourne,sshelbourneq0@meetup.com,Male
Matteo,Tutton,mtuttonq1@vistaprint.com,Male
Jordain,Andre,jandreq2@geocities.jp,Female
Norene,Cleall,ncleallq3@ed.gov,Female
Ripley,Hartles,rhartlesq4@alibaba.com,Male
Enrico,Henricsson,ehenricssonq5@dedecms.com,Male
Aubrey,Camidge,acamidgeq6@merriam-webster.com,Male
Othelia,Iacivelli,oiacivelliq7@google.fr,Female
Norby,Cudworth,ncudworthq8@livejournal.com,Male
Temp,Vain,tvainq9@springer.com,Male
Peta,Manoch,pmanochqa@shop-pro.jp,Female
Sheelah,Fairs,sfairsqb@wordpress.org,Female
Jean,O'Cannovane,jocannovaneqc@photobucket.com,Female
Reynolds,Wildman,rwildmanqd@360.cn,Male
Clayson,Gosnell,cgosnellqe@npr.org,Male
Aldous,Windsor,awindsorqf@biglobe.ne.jp,Male
Sybila,Eshmade,seshmadeqg@qq.com,Female
Estrellita,Gambell,egambellqh@sitemeter.com,Female
Stefania,Arro,sarroqi@ow.ly,Female
Georgi,Paniman,gpanimanqj@shinystat.com,Male
Cairistiona,Sandell,csandellqk@washington.edu,Female
Drona,Goeff,dgoeffql@purevolume.com,Female
Rosalyn,Pock,rpockqm@gravatar.com,Female
Muriel,Mengo,mmengoqn@nature.com,Female
Bennie,Schober,bschoberqo@4shared.com,Male
Bruce,Ganders,bgandersqp@facebook.com,Male
Lizabeth,Hursthouse,lhursthouseqq@squidoo.com,Female
Jeane,Dood,jdoodqr@foxnews.com,Female
Irita,Bergeau,ibergeauqs@dell.com,Female
Cayla,Bolland,cbollandqt@i2i.jp,Female
Georgianna,Blas,gblasqu@usgs.gov,Female
Audie,Bricknall,abricknallqv@cocolog-nifty.com,Female
Constancia,Mitchall,cmitchallqw@unicef.org,Female
Kordula,Scala,kscalaqx@shareasale.com,Female
Mickie,Bellam,mbellamqy@rakuten.co.jp,Male
Tremayne,Muccino,tmuccinoqz@networksolutions.com,Male
Virgina,Carme,vcarmer0@desdev.cn,Female
Alexa,Densie,adensier1@yale.edu,Female
Lorrin,Scrane,lscraner2@odnoklassniki.ru,Female
Emelyne,Solly,esollyr3@blogger.com,Female
Gregorius,Francescuzzi,gfrancescuzzir4@buzzfeed.com,Male
Claresta,Spieck,cspieckr5@discuz.net,Female
Sutton,Comi,scomir6@gizmodo.com,Male
Roxi,Dixon,rdixonr7@irs.gov,Female
Ware,Hutable,whutabler8@reference.com,Male
Yettie,Mordey,ymordeyr9@usa.gov,Female
Skipper,Pering,speringra@miibeian.gov.cn,Male
Delcina,Croux,dcrouxrb@blogs.com,Female
Garrick,MacMeekan,gmacmeekanrc@umn.edu,Male
Richardo,Mc Elory,rmceloryrd@china.com.cn,Male
Sutherlan,Waudby,swaudbyre@biblegateway.com,Male
Ellynn,Mallabon,emallabonrf@merriam-webster.com,Female
Willem,Clemenzo,wclemenzorg@nymag.com,Male
Roland,Postan,rpostanrh@hexun.com,Male
Lauraine,Nealon,lnealonri@shop-pro.jp,Female
Sam,Danet,sdanetrj@webmd.com,Female
Mack,Graeme,mgraemerk@sfgate.com,Male
Ezmeralda,Windibank,ewindibankrl@nps.gov,Female
Sax,Draper,sdraperrm@yahoo.co.jp,Male
Amy,Dower,adowerrn@creativecommons.org,Female
Blair,Delamar,bdelamarro@ucla.edu,Male
Elise,Dot,edotrp@alexa.com,Female
Torr,Gentil,tgentilrq@mozilla.com,Male
Hewe,Ketch,hketchrr@instagram.com,Male
